-- phpMyAdmin SQL Dump
-- version 4.8.0.1
-- https://www.phpmyadmin.net/
--
-- Host: 127.0.0.1
-- Generation Time: Apr 29, 2020 at 04:42 AM
-- Server version: 10.1.32-MariaDB
-- PHP Version: 7.2.5

SET SQL_MODE = "NO_AUTO_VALUE_ON_ZERO";
SET AUTOCOMMIT = 0;
START TRANSACTION;
SET time_zone = "+00:00";


/*!40101 SET @OLD_CHARACTER_SET_CLIENT=@@CHARACTER_SET_CLIENT */;
/*!40101 SET @OLD_CHARACTER_SET_RESULTS=@@CHARACTER_SET_RESULTS */;
/*!40101 SET @OLD_COLLATION_CONNECTION=@@COLLATION_CONNECTION */;
/*!40101 SET NAMES utf8mb4 */;

--
-- Database: `db_post`
--

-- --------------------------------------------------------

--
-- Table structure for table `tb_barang`
--

CREATE TABLE `tb_barang` (
  `kode_barcode` varchar(50) NOT NULL,
  `nama_barang` varchar(255) NOT NULL,
  `satuan` varchar(50) NOT NULL,
  `harga_beli` int(11) NOT NULL,
  `stok` int(11) NOT NULL,
  `harga_jual` int(11) NOT NULL,
  `profit` int(11) NOT NULL
) ENGINE=InnoDB DEFAULT CHARSET=latin1;

--
-- Dumping data for table `tb_barang`
--

INSERT INTO `tb_barang` (`kode_barcode`, `nama_barang`, `satuan`, `harga_beli`, `stok`, `harga_jual`, `profit`) VALUES
('677755553333', 'Buku Tulis', 'Pack', 10000, 1, 12000, 2000),
('711844120037', 'Sambal ABC', 'PCS', 7000, 9, 10000, 3000),
('766833391112', 'Pepsodent', 'PCS', 15000, 21, 25000, 10000),
('8995757412003', 'Amplop', 'Pack', 10000, 52, 12000, 2000),
('975563338111', 'Pulpen', 'Pack', 12000, 5, 17000, 5000),
('ssfs353', 'gddd', 'Lusin', 20000, 10, 50000, 30000);

-- --------------------------------------------------------

--
-- Table structure for table `tb_pelanggan`
--

CREATE TABLE `tb_pelanggan` (
  `kode_pelanggan` int(11) NOT NULL,
  `nama` varchar(100) NOT NULL,
  `jk` varchar(25) NOT NULL,
  `alamat` text NOT NULL,
  `telpon` varchar(15) NOT NULL,
  `email` varchar(50) NOT NULL
) ENGINE=InnoDB DEFAULT CHARSET=latin1;

--
-- Dumping data for table `tb_pelanggan`
--

INSERT INTO `tb_pelanggan` (`kode_pelanggan`, `nama`, `jk`, `alamat`, `telpon`, `email`) VALUES
(1, 'andy', 'Laki-Laki', 'Jl. Sam ratulangi', '082247949173', 'yohanes@gmail.com'),
(3, 'Mitha anytha', 'Perempuan', 'Jln Nangka', '082247949173', 'Mitha@gmail.com'),
(4, 'Alex', 'Laki-Laki', 'Jln nenas', '0812234674663', 'alex@gmail.com');

-- --------------------------------------------------------

--
-- Table structure for table `tb_pengguna`
--

CREATE TABLE `tb_pengguna` (
  `id` int(11) NOT NULL,
  `username` varchar(100) NOT NULL,
  `nama` varchar(100) NOT NULL,
  `password` varchar(100) NOT NULL,
  `level` varchar(20) NOT NULL,
  `foto` varchar(255) NOT NULL
) ENGINE=InnoDB DEFAULT CHARSET=latin1;

--
-- Dumping data for table `tb_pengguna`
--

INSERT INTO `tb_pengguna` (`id`, `username`, `nama`, `password`, `level`, `foto`) VALUES
(1, 'admin', 'Yohanes Ardianus', '12345', 'Admin', 'andy.jpg'),
(14, 'kasir', 'Ardiansyah Syahputra', '1234', 'Kasir', 'IMG-20190916-WA0009.jpg');

-- --------------------------------------------------------

--
-- Table structure for table `tb_penjualan`
--

CREATE TABLE `tb_penjualan` (
  `id` int(11) NOT NULL,
  `kode_penjualan` varchar(20) NOT NULL,
  `kode_barcode` varchar(50) NOT NULL,
  `jumlah` int(11) NOT NULL,
  `total` int(11) NOT NULL,
  `tgl_penjualan` date NOT NULL,
  `id_pelanggan` int(11) NOT NULL
) ENGINE=InnoDB DEFAULT CHARSET=latin1;

--
-- Dumping data for table `tb_penjualan`
--

INSERT INTO `tb_penjualan` (`id`, `kode_penjualan`, `kode_barcode`, `jumlah`, `total`, `tgl_penjualan`, `id_pelanggan`) VALUES
(39, 'PJ-3403915829', '8995757412003', 1, 12000, '2019-02-10', 3),
(40, 'PJ-4493193138', '677755553333', 1, 12000, '2019-02-10', 1),
(41, 'PJ-0451391496', '8995757412003', 1, 12000, '2019-02-11', 0),
(42, 'PJ-4869985822', '766833391112', 1, 25000, '2019-02-11', 3),
(43, 'PJ-0951974142', '766833391112', 1, 25000, '2019-02-11', 3),
(44, 'PJ-1259539255', '711844120037', 1, 10000, '2019-02-11', 0),
(45, 'PJ-0951974142', '677755553333', 1, 12000, '2019-02-11', 0),
(46, 'PJ-1015679901', '8995757412003', 1, 12000, '2019-02-12', 3),
(47, 'PJ-9557122242', '8995757412003', 1, 12000, '2019-02-12', 4),
(48, 'PJ-9557122242', '766833391112', 1, 25000, '2019-02-12', 4),
(49, 'PJ-5974188027', '8995757412003', 1, 12000, '2019-02-12', 3),
(50, 'PJ-6844412681', '8995757412003', 1, 12000, '2019-02-12', 1),
(51, 'PJ-6844412681', '711844120037', 1, 10000, '2019-02-12', 1),
(52, 'PJ-7331437080', '677755553333', 1, 12000, '2019-02-12', 3),
(53, 'PJ-8233340011', '8995757412003', 1, 12000, '2019-02-12', 3),
(54, 'PJ-8798858653', '8995757412003', 1, 12000, '2019-02-12', 4),
(55, 'PJ-8798858653', '677755553333', 1, 12000, '2019-02-12', 4),
(56, 'PJ-4139286098', '8995757412003', 1, 12000, '2019-02-12', 1),
(57, 'PJ-5081467255', '677755553333', 1, 12000, '2019-02-12', 3),
(58, 'PJ-9804442504', '8995757412003', 1, 12000, '2019-02-12', 1),
(59, 'PJ-9804442504', '677755553333', 1, 12000, '2019-02-12', 1),
(60, 'PJ-0581228212', '975563338111', 1, 17000, '2019-02-12', 1),
(61, 'PJ-6752267795', '711844120037', 1, 10000, '2019-02-12', 0),
(62, 'PJ-4541143411', '975563338111', 1, 17000, '2019-02-12', 3),
(63, 'PJ-4090213836', '711844120037', 1, 10000, '2019-02-12', 0),
(64, 'PJ-2154573920', '711844120037', 1, 10000, '2019-02-12', 1),
(65, 'PJ-0953720077', '711844120037', 1, 10000, '2019-02-12', 3),
(66, 'PJ-4568725873', '711844120037', 1, 10000, '2019-02-12', 3),
(67, 'PJ-4355865999', '766833391112', 1, 25000, '2019-02-12', 4),
(68, 'PJ-4355865999', '711844120037', 1, 10000, '2019-02-12', 4),
(69, 'PJ-4355865999', '677755553333', 1, 12000, '2019-02-12', 4),
(70, 'PJ-0238411521', '8995757412003', 6, 2147483647, '2019-02-13', 0),
(71, 'PJ-6467480881', '8995757412003', 2, 2147483647, '2019-02-13', 0),
(72, 'PJ-9241863937', '8995757412003', 2, 24000, '2019-02-13', 0),
(73, '', '8995757412003', 1, 12000, '2019-02-13', 0),
(74, 'PJ-1170620133', '8995757412003', 2, 24000, '2019-02-13', 0),
(75, 'PJ-2481005737', '677755553333', 2, 24000, '2019-02-13', 0),
(76, 'PJ-2655916746', '8995757412003', 2, 24000, '2019-02-13', 3),
(77, 'PJ-2655916746', '975563338111', 2, 34000, '2019-02-13', 3),
(78, 'PJ-2655916746', '677755553333', 3, 36000, '2019-02-13', 0),
(79, 'PJ-4761846218', '677755553333', 3, 36000, '2019-02-13', 0),
(80, 'PJ-4761846218', '766833391112', 2, 50000, '2019-02-13', 0),
(81, 'PJ-4761846218', '711844120037', 2, 20000, '2019-02-13', 0),
(82, 'PJ-9532082765', '8995757412003', 2, 24000, '2019-02-13', 0),
(83, 'PJ-9421203233', '766833391112', 3, 75000, '2019-02-13', 4),
(84, 'PJ-2524721036', '677755553333', 2, 24000, '2019-02-13', 3),
(85, 'PJ-5050637591', '677755553333', 1, 12000, '2019-02-13', 0),
(86, 'PJ-6920914386', '677755553333', 2, 24000, '2019-02-13', 0),
(87, 'PJ-8553068623', '677755553333', 1, 12000, '2019-02-13', 0),
(88, 'PJ-3579936593', '677755553333', 2, 24000, '2019-02-14', 0),
(90, 'PJ-7558123131', '8995757412003', 1, 12000, '2019-02-14', 0),
(91, 'PJ-8596839324', '766833391112', 1, 25000, '2019-02-14', 4),
(92, 'PJ-8596839324', '711844120037', 3, 30000, '2019-02-14', 4),
(93, 'PJ-1392470109', '711844120037', 1, 10000, '2019-02-14', 0),
(94, 'PJ-1392470109', '8995757412003', 1, 12000, '2019-02-14', 0),
(95, 'PJ-3175961101', '8995757412003', 2, 24000, '2019-02-14', 3),
(96, 'PJ-1258224780', '8995757412003', 2, 24000, '2019-02-14', 3),
(97, 'PJ-3186821866', '8995757412003', 1, 12000, '2019-02-14', 0),
(98, 'PJ-3186821866', '711844120037', 1, 10000, '2019-02-14', 0),
(99, 'PJ-3186821866', '677755553333', 1, 12000, '2019-02-14', 0),
(100, 'PJ-3186821866', '766833391112', 1, 25000, '2019-02-14', 0),
(101, 'PJ-7762572716', '677755553333', 1, 12000, '2019-02-14', 0),
(102, 'PJ-7762572716', '766833391112', 1, 25000, '2019-02-14', 0),
(103, 'PJ-9638459943', '711844120037', 1, 10000, '2019-02-14', 3),
(104, 'PJ-9638459943', '677755553333', 1, 12000, '2019-02-14', 3),
(105, 'PJ-6543858161', '711844120037', 1, 10000, '2019-02-14', 3),
(106, 'PJ-6543858161', '8995757412003', 1, 12000, '2019-02-14', 3),
(107, 'PJ-5068890443', '677755553333', 2, 24000, '2019-02-15', 3),
(108, 'PJ-5068890443', '711844120037', 1, 10000, '2019-02-15', 3),
(109, 'PJ-5032319514', '8995757412003', 1, 12000, '2019-02-16', 3),
(110, 'PJ-5032319514', '711844120037', 2, 20000, '2019-02-16', 3),
(111, 'PJ-3345808680', '8995757412003', 1, 12000, '2019-02-16', 4),
(112, 'PJ-3345808680', '677755553333', 1, 12000, '2019-02-16', 4),
(113, 'PJ-7924993832', '8995757412003', 1, 12000, '2019-02-17', 0),
(114, 'PJ-7924993832', '8995757412003', 1, 12000, '2019-02-17', 0),
(115, 'PJ-7924993832', '8995757412003', 1, 12000, '2019-02-17', 0),
(116, 'PJ-7924993832', '8995757412003', 1, 12000, '2019-02-17', 0),
(117, 'PJ-3907688365', '8995757412003', 1, 12000, '2019-02-17', 0),
(118, 'PJ-3907688365', '8995757412003', 1, 12000, '2019-02-17', 0),
(119, 'PJ-1387453821', '8995757412003', 2, 24000, '2019-02-17', 0),
(120, 'PJ-1387453821', '711844120037', 1, 10000, '2019-02-17', 0),
(123, 'PJ-9907101630', '8995757412003', 1, 12000, '2019-02-16', 0),
(124, 'PJ-8743303494', '677755553333', 2, 24000, '2019-02-18', 3),
(125, 'PJ-9539710197', '711844120037', 2, 20000, '2019-02-19', 3),
(126, 'PJ-6356380774', '711844120037', 2, 20000, '2019-02-24', 3),
(127, 'PJ-1434300688', '711844120037', 2, 20000, '2019-03-03', 3),
(128, 'PJ-8260465924', '711844120037', 1, 10000, '2019-03-03', 1),
(129, 'PJ-7576541492', '711844120037', 1, 10000, '2019-04-21', 0),
(130, 'PJ-7485677616', '677755553333', 2, 24000, '2019-06-23', 0),
(131, 'PJ-7674972561', '677755553333', 2, 24000, '2019-06-30', 0),
(132, 'PJ-7144972868', '711844120037', 1, 10000, '2019-09-30', 0),
(133, 'PJ-4172728937', '8995757412003', 2, 24000, '2019-10-06', 0),
(134, 'PJ-8448803743', '8995757412003', 1, 12000, '2019-11-18', 0),
(135, 'PJ-1242595961', '711844120037', 1, 10000, '2019-11-18', 3),
(136, 'PJ-2492798903', '711844120037', 2, 20000, '2020-01-13', 0),
(137, 'PJ-1628494630', '711844120037', 1, 10000, '2020-01-13', 0),
(138, 'PJ-4287636122', '711844120037', 1, 10000, '2020-01-13', 1);

--
-- Triggers `tb_penjualan`
--
DELIMITER $$
CREATE TRIGGER `jual` AFTER INSERT ON `tb_penjualan` FOR EACH ROW BEGIN
	UPDATE tb_barang SET stok = stok - new.jumlah 
	where
	kode_barcode = new.kode_barcode;
    END
$$
DELIMITER ;

-- --------------------------------------------------------

--
-- Table structure for table `tb_penjualan_detail`
--

CREATE TABLE `tb_penjualan_detail` (
  `kode_penjualan` varchar(50) NOT NULL,
  `bayar` int(11) NOT NULL,
  `kembali` int(11) NOT NULL,
  `diskon` int(11) NOT NULL,
  `potongan` int(11) NOT NULL,
  `jtotal` int(11) NOT NULL
) ENGINE=InnoDB DEFAULT CHARSET=latin1;

--
-- Dumping data for table `tb_penjualan_detail`
--

INSERT INTO `tb_penjualan_detail` (`kode_penjualan`, `bayar`, `kembali`, `diskon`, `potongan`, `jtotal`) VALUES
('PJ-2154573920', 10000, 1000, 10, 1000, 9000),
('PJ-0953720077', 90000, 80700, 7, 700, 9300),
('PJ-4568725873', 10000, 200, 2, 200, 9800),
('PJ-4355865999', 50000, 5350, 5, 2350, 44650),
('PJ-2655916746', 60000, 5480, 6, 3480, 54520),
('PJ-2655916746', 60000, 6060, 7, 4060, 53940),
('PJ-4761846218', 200000, 99300, 5, 5300, 100700),
('PJ-9532082765', 30000, 7200, 5, 1200, 22800),
('PJ-9421203233', 50000, 2500, 5, 2500, 47500),
('PJ-2524721036', 30000, 7200, 5, 1200, 22800),
('PJ-8596839324', 50000, 500, 10, 5500, 49500),
('PJ-1392470109', 21000, 100, 5, 1100, 20900),
('PJ-3175961101', 24000, 2160, 9, 2160, 21840),
('PJ-1258224780', 25000, 2200, 5, 1200, 22800),
('PJ-3186821866', 60000, 6900, 10, 5900, 53100),
('PJ-7762572716', 36000, 850, 5, 1850, 35150),
('PJ-9638459943', 21000, 100, 5, 1100, 20900),
('PJ-6543858161', 20000, 200, 10, 2200, 19800),
('PJ-5068890443', 35000, 2700, 5, 1700, 32300),
('PJ-5068890443', 35000, 2700, 5, 1700, 32300),
('PJ-5032319514', 30000, 1200, 10, 3200, 28800),
('PJ-3345808680', 25000, 3400, 10, 2400, 21600),
('PJ-1387453821', 35000, 2700, 5, 1700, 32300),
('PJ-8743303494', 25000, 3400, 10, 2400, 21600),
('PJ-9539710197', 19000, 1000, 10, 2000, 18000),
('PJ-6356380774', 20000, 2000, 10, 2000, 18000),
('PJ-1434300688', 100000, 82000, 10, 2000, 18000),
('PJ-8260465924', 10000, 1000, 10, 1000, 9000),
('PJ-7485677616', 30000, 8400, 10, 2400, 21600),
('PJ-7674972561', 25000, 1480, 2, 480, 23520),
('PJ-7144972868', 10000, 400, 4, 400, 9600),
('PJ-4172728937', 30000, 6480, 2, 480, 23520),
('PJ-1242595961', 10000, 300, 3, 300, 9700),
('PJ-4287636122', 10000, 200, 2, 200, 9800);

--
-- Indexes for dumped tables
--

--
-- Indexes for table `tb_barang`
--
ALTER TABLE `tb_barang`
  ADD PRIMARY KEY (`kode_barcode`);

--
-- Indexes for table `tb_pelanggan`
--
ALTER TABLE `tb_pelanggan`
  ADD PRIMARY KEY (`kode_pelanggan`);

--
-- Indexes for table `tb_pengguna`
--
ALTER TABLE `tb_pengguna`
  ADD PRIMARY KEY (`id`);

--
-- Indexes for table `tb_penjualan`
--
ALTER TABLE `tb_penjualan`
  ADD PRIMARY KEY (`id`),
  ADD KEY `kode_barcode` (`kode_barcode`);

--
-- AUTO_INCREMENT for dumped tables
--

--
-- AUTO_INCREMENT for table `tb_pelanggan`
--
ALTER TABLE `tb_pelanggan`
  MODIFY `kode_pelanggan` int(11) NOT NULL AUTO_INCREMENT, AUTO_INCREMENT=5;

--
-- AUTO_INCREMENT for table `tb_pengguna`
--
ALTER TABLE `tb_pengguna`
  MODIFY `id` int(11) NOT NULL AUTO_INCREMENT, AUTO_INCREMENT=15;

--
-- AUTO_INCREMENT for table `tb_penjualan`
--
ALTER TABLE `tb_penjualan`
  MODIFY `id` int(11) NOT NULL AUTO_INCREMENT, AUTO_INCREMENT=139;

--
-- Constraints for dumped tables
--

--
-- Constraints for table `tb_penjualan`
--
ALTER TABLE `tb_penjualan`
  ADD CONSTRAINT `tb_penjualan_ibfk_1` FOREIGN KEY (`kode_barcode`) REFERENCES `tb_barang` (`kode_barcode`) ON DELETE CASCADE ON UPDATE CASCADE;
COMMIT;

/*!40101 SET CHARACTER_SET_CLIENT=@OLD_CHARACTER_SET_CLIENT */;
/*!40101 SET CHARACTER_SET_RESULTS=@OLD_CHARACTER_SET_RESULTS */;
/*!40101 SET COLLATION_CONNECTION=@OLD_COLLATION_CONNECTION */;
